index,depot_id,investment_dlls,capacity_mtons,xlon,ylat
1,1,1,1000000,-119.13228,34.27049
2,2,1,1000000,-119.145741,34.215338
3,3,1,1000000,-119.167579,34.189054
4,4,1,1000000,-121.775833,36.902803
