index,depot_id,investment_dlls,capacity_mtons,xlon,ylat
1,1,1,300000,-119.13228,34.27049
2,2,1,300000,-119.145741,34.215338
3,3,1,300000,-119.167579,34.189054
